match_id,fecha,ronda,home,away,home_goals,away_goals,home_ball_possession,away_ball_possession,home_expected_goals,away_expected_goals,home_total_shots,away_total_shots,home_shots_on_target,away_shots_on_target,home_corner_kicks,away_corner_kicks,home_fouls,away_fouls,home_yellow_cards,away_yellow_cards,home_red_cards,away_red_cards,home_goalkeeper_saves,away_goalkeeper_saves,home_tackles,away_tackles,home_passes,away_passes,home_interceptions,away_interceptions
15237889,2026-01-28,1,Atlético Mineiro,Palmeiras,2,2,52%,48%,0.53,1.01,14,13,2,6,5,7,14,20,4,2,,,4,1,16,17,387,337,6,5
15237891,2026-01-28,1,Coritiba,Red Bull Bragantino,0,1,29%,71%,0.31,2.77,8,30,2,10,1,5,9,19,1,6,1,1,9,2,21,5,186,459,13,7
15237890,2026-01-28,1,Internacional,Athletico,0,1,71%,29%,2.42,1.59,19,6,7,2,13,1,13,11,2,1,,,1,5,11,14,591,243,7,12
15237892,2026-01-28,1,Vitória,Remo,2,0,42%,58%,3.12,1.01,20,14,7,1,4,1,13,17,2,4,,,1,5,12,11,310,408,9,11
15237884,2026-01-28,1,Fluminense,Grêmio,2,1,51%,49%,2.33,1.60,10,12,6,3,3,6,13,13,1,2,,,2,4,17,17,488,447,11,14
15237893,2026-01-28,1,Chapecoense,Santos,4,2,34%,66%,1.83,1.32,8,25,4,5,1,14,10,5,3,3,,,3,0,12,7,285,540,5,5
15237887,2026-01-28,1,Corinthians,Bahia,1,2,59%,41%,1.91,1.51,17,11,5,6,4,6,14,14,3,5,0,1,4,4,20,14,471,330,13,8
15237886,2026-01-29,1,São Paulo,Flamengo,2,1,41%,59%,0.78,2.40,10,15,4,5,2,6,14,11,,,0,1,4,2,31,18,379,542,6,6
15237888,2026-01-29,1,Mirassol,Vasco da Gama,2,1,47%,53%,0.68,0.61,13,13,4,5,5,5,16,10,2,1,,,4,3,15,13,415,464,9,8
15237885,2026-01-30,1,Botafogo,Cruzeiro,4,0,46%,54%,1.43,1.43,10,17,5,4,3,7,10,12,1,2,,,4,1,11,10,380,449,4,12
15237894,2026-02-04,2,Flamengo,Internacional,1,1,65%,35%,1.73,0.76,18,9,5,5,4,3,20,18,4,3,,,4,4,12,17,591,328,6,6
15237898,2026-02-04,2,Red Bull Bragantino,Atlético Mineiro,1,0,48%,52%,1.42,0.44,19,12,5,2,6,12,14,8,3,2,,,2,4,17,12,371,404,7,12
15237903,2026-02-04,2,Remo,Mirassol,2,2,37%,63%,1.48,1.76,18,8,7,5,4,4,15,9,2,2,,,3,5,19,12,288,486,12,8
15237896,2026-02-04,2,Santos,São Paulo,1,1,50%,50%,1.09,0.59,12,8,3,3,7,4,15,21,5,1,,,2,2,9,19,391,395,8,10
15237900,2026-02-05,2,Grêmio,Botafogo,5,3,43%,57%,3.46,1.15,14,9,8,4,4,2,13,16,0,3,,,1,3,16,13,353,473,12,3
15237897,2026-02-05,2,Palmeiras,Vitória,5,1,60%,40%,2.38,0.94,17,9,8,4,6,4,13,16,1,4,,,2,2,10,9,426,284,7,12
15237902,2026-02-05,2,Bahia,Fluminense,1,1,42%,58%,1.23,1.84,19,13,5,4,6,4,12,13,0,3,1,0,3,4,13,17,362,511,7,6
15237895,2026-02-05,2,Vasco da Gama,Chapecoense,1,1,67%,33%,4.81,0.31,30,7,13,1,14,0,15,11,,,,,0,10,10,9,570,288,10,7
15237899,2026-02-06,2,Cruzeiro,Coritiba,1,2,68%,32%,0.90,2.35,19,10,4,2,12,2,9,17,3,2,,,0,3,13,10,554,270,3,7
15369877,2026-02-19,2,Athletico,Corinthians,0,1,56%,44%,2.05,0.16,19,4,5,1,8,0,15,10,3,4,,,0,4,10,14,434,355,11,2
15237912,2026-02-11,3,Vitória,Flamengo,1,2,44%,56%,1.65,0.52,10,6,3,2,7,2,12,21,3,4,,,0,2,21,13,331,438,10,9
15237913,2026-02-11,3,Chapecoense,Coritiba,3,3,51%,49%,2.40,2.00,21,13,8,5,6,5,4,8,2,1,,,2,5,7,12,435,423,5,10
15237908,2026-02-11,3,Mirassol,Cruzeiro,2,2,56%,44%,2.42,1.56,20,9,11,4,9,0,12,10,3,2,1,0,2,9,15,16,394,325,8,11
15237909,2026-02-11,3,Atlético Mineiro,Remo,3,3,59%,41%,2.75,2.38,18,18,8,6,6,5,11,14,0,2,,,3,5,7,22,483,330,14,10
15237906,2026-02-12,3,São Paulo,Grêmio,2,0,58%,42%,4.72,0.27,18,5,4,1,3,3,11,16,3,4,0,1,1,2,12,16,514,380,10,5
15237905,2026-02-12,3,Vasco da Gama,Bahia,0,1,62%,38%,1.71,0.38,26,8,4,3,8,4,15,14,5,5,,,2,4,10,18,462,303,8,16
15237911,2026-02-12,3,Athletico,Santos,2,1,56%,44%,2.30,0.97,13,10,5,5,8,2,15,15,1,3,,,4,3,10,17,398,319,9,14
15237904,2026-02-12,3,Fluminense,Botafogo,1,0,48%,52%,1.56,0.34,10,5,5,3,4,0,18,11,5,3,1,0,3,4,17,11,326,359,14,6
15237907,2026-02-12,3,Corinthians,Red Bull Bragantino,2,0,60%,40%,0.99,1.27,13,9,5,4,3,3,17,24,4,4,,,4,3,10,14,457,294,9,8
15237910,2026-02-13,3,Internacional,Palmeiras,1,3,62%,38%,2.15,0.91,26,11,4,7,16,4,13,8,1,1,,,4,3,23,17,473,302,8,12
15237918,2026-02-25,4,Red Bull Bragantino,Athletico,1,1,39%,61%,0.64,1.00,7,18,3,6,2,7,18,16,5,2,2,0,5,2,15,11,246,380,8,3
15237924,2026-02-25,4,Remo,Internacional,1,1,41%,59%,1.40,1.17,11,18,7,4,7,12,16,14,5,1,,,3,5,20,13,318,463,16,8
15237922,2026-02-25,4,Coritiba,São Paulo,0,1,42%,58%,0.90,1.32,18,9,2,5,3,7,5,19,4,3,,,5,2,11,13,345,494,6,10
15237919,2026-02-25,4,Cruzeiro,Corinthians,1,1,48%,52%,0.74,0.22,11,4,3,2,5,3,15,14,3,3,1,0,1,2,9,14,359,384,11,13
15237921,2026-02-26,4,Grêmio,Atlético Mineiro,2,1,63%,37%,0.93,0.41,18,8,7,2,6,3,14,5,4,1,0,1,1,5,18,19,481,284,13,9
15237917,2026-02-26,4,Palmeiras,Fluminense,2,1,35%,65%,1.59,1.23,14,18,6,7,5,11,16,16,3,4,,,6,5,13,13,315,574,7,6
15237916,2026-02-26,4,Santos,Vasco da Gama,2,1,40%,60%,0.75,1.36,8,16,4,2,5,2,19,17,2,1,,,1,2,28,24,311,462,10,6
16390771,2026-07-17,4,Bahia,Chapecoense,2,0,65%,35%,1.42,0.40,16,10,6,2,10,6,17,17,2,0,,,2,4,13,16,510,264,8,8
16390770,2026-07-23,4,Botafogo,Vitória,0,0,57%,43%,1.34,0.45,19,5,6,1,9,3,16,14,1,1,,,1,6,18,20,370,299,9,8
15237929,2026-03-11,5,Mirassol,Santos,2,2,54%,46%,1.49,1.76,20,16,9,2,6,7,9,7,2,2,,,0,6,9,18,441,357,10,9
15237930,2026-03-11,5,Atlético Mineiro,Internacional,1,0,35%,65%,0.76,1.81,7,19,3,7,2,14,16,20,2,2,,,7,2,17,21,288,504,7,6
15237933,2026-03-11,5,Bahia,Vitória,1,1,63%,37%,1.95,0.47,13,6,7,2,7,3,17,19,1,1,,,1,6,24,14,481,285,5,11
15237928,2026-03-12,5,Corinthians,Coritiba,0,2,73%,27%,0.67,0.56,11,4,1,2,8,6,15,18,2,2,,,0,1,12,14,552,210,4,7
15237925,2026-03-12,5,Flamengo,Cruzeiro,2,0,44%,56%,1.24,0.57,15,13,7,4,4,7,19,13,2,2,,,4,4,12,13,394,494,12,8
15237934,2026-03-12,5,Remo,Fluminense,0,2,33%,67%,0.85,2.22,10,15,3,7,6,4,11,14,2,1,,,5,3,18,16,304,657,6,6
15237926,2026-03-12,5,Vasco da Gama,Palmeiras,2,1,50%,50%,1.50,0.71,17,8,6,3,9,5,6,18,2,2,,,2,4,18,25,439,438,10,6
15237927,2026-03-12,5,São Paulo,Chapecoense,2,0,63%,37%,1.53,0.57,18,7,7,1,11,6,13,12,0,1,,,1,5,11,10,486,286,9,5
15237931,2026-03-13,5,Grêmio,Red Bull Bragantino,1,1,39%,61%,1.56,1.66,13,20,6,8,4,6,13,13,2,4,,,7,4,21,22,267,436,11,9
15651590,2026-03-29,5,Athletico,Botafogo,4,1,46%,54%,1.34,0.81,11,12,8,3,1,8,15,13,2,3,,,2,4,12,13,352,404,6,6
15237943,2026-03-14,6,Vitória,Atlético Mineiro,2,0,33%,67%,0.47,1.17,9,12,4,3,4,10,18,13,2,3,,,3,2,25,18,246,489,9,7
15237936,2026-03-14,6,Botafogo,Flamengo,0,3,42%,58%,0.75,1.38,7,18,1,6,2,4,16,10,3,2,1,0,3,1,10,23,419,578,12,10
15237935,2026-03-15,6,Fluminense,Athletico,3,2,79%,21%,2.11,0.54,24,4,10,2,7,1,14,9,2,3,0,1,0,7,11,13,681,183,5,8
15237941,2026-03-15,6,Internacional,Bahia,0,1,53%,47%,1.65,0.85,14,7,2,1,7,1,20,20,3,2,,,1,2,26,24,381,356,6,3
15237937,2026-03-15,6,Santos,Corinthians,1,1,44%,56%,1.03,0.46,11,10,3,4,4,6,20,15,5,3,1,0,3,2,19,19,299,382,15,11
15237942,2026-03-15,6,Coritiba,Remo,1,0,42%,58%,0.88,0.70,8,14,4,1,4,6,13,11,2,3,,,1,3,16,15,289,387,12,10
15237938,2026-03-15,6,Palmeiras,Mirassol,1,0,43%,57%,0.52,0.65,11,12,4,2,2,4,14,17,1,3,,,2,3,14,8,360,478,11,4
15237940,2026-03-15,6,Cruzeiro,Vasco da Gama,3,3,60%,40%,1.12,1.37,20,15,6,7,5,4,9,11,2,3,0,1,2,3,14,5,462,314,12,6
15237939,2026-03-15,6,Red Bull Bragantino,São Paulo,1,2,50%,50%,0.61,0.80,13,4,3,3,6,4,18,13,4,4,,,1,2,17,9,317,331,12,4
15237944,2026-03-16,6,Chapecoense,Grêmio,1,1,35%,65%,1.15,0.72,11,13,1,4,4,5,16,10,3,3,,,3,0,18,4,289,573,7,6
15237953,2026-03-18,7,Bahia,Red Bull Bragantino,2,0,57%,43%,1.79,1.66,15,15,9,3,7,7,15,16,3,1,,,3,6,14,18,456,336,9,10
15237948,2026-03-18,7,Palmeiras,Botafogo,2,1,52%,48%,1.92,0.59,19,6,6,3,6,1,13,13,1,3,0,1,2,5,21,19,401,367,2,10
15237952,2026-03-18,7,Athletico,Cruzeiro,2,1,48%,52%,1.18,1.43,8,11,4,2,4,6,26,20,2,3,,,1,2,12,12,393,426,11,11
15237950,2026-03-18,7,Atlético Mineiro,São Paulo,1,0,29%,71%,1.08,0.53,13,12,4,3,4,1,16,17,1,1,,,3,3,6,12,236,583,8,2
15237949,2026-03-18,7,Mirassol,Coritiba,0,1,69%,31%,1.74,1.16,21,14,6,4,7,2,8,11,2,2,,,3,6,9,17,594,274,8,8
15237947,2026-03-19,7,Santos,Internacional,1,2,61%,39%,1.17,1.24,11,17,2,6,3,8,6,12,4,3,,,6,1,13,15,441,281,16,16
15237946,2026-03-19,7,Vasco da Gama,Fluminense,3,2,52%,48%,0.84,0.75,16,14,6,5,5,5,9,10,2,0,,,3,3,15,16,402,386,13,6
15237951,2026-03-19,7,Grêmio,Vitória,2,0,43%,57%,0.95,0.40,14,8,4,1,4,5,15,17,1,3,,,0,3,12,17,351,457,11,7
15237945,2026-03-19,7,Flamengo,Remo,3,0,65%,35%,0.91,0.65,11,7,3,1,7,2,14,11,2,2,,,1,0,19,13,684,365,10,11
15237954,2026-03-20,7,Chapecoense,Corinthians,0,0,36%,64%,0.81,1.26,14,13,4,4,6,4,18,11,3,4,,,4,5,13,12,285,527,7,5
15237959,2026-03-21,8,Red Bull Bragantino,Botafogo,1,2,59%,41%,1.85,1.18,18,8,6,3,11,6,12,9,2,3,,,0,5,16,22,400,287,10,5
15237955,2026-03-21,8,Fluminense,Atlético Mineiro,1,0,56%,44%,0.71,1.77,14,14,4,5,3,2,18,15,5,5,,,4,3,15,12,466,359,8,10
15237957,2026-03-22,8,São Paulo,Palmeiras,0,1,63%,37%,0.05,0.17,3,6,0,2,10,1,13,21,3,5,,,1,0,24,16,543,334,8,10
15237962,2026-03-22,8,Athletico,Coritiba,2,0,53%,47%,1.08,0.14,6,4,4,1,7,4,11,10,0,2,0,1,1,2,10,11,371,326,7,4
15237960,2026-03-22,8,Cruzeiro,Santos,0,0,60%,40%,1.22,0.12,8,5,3,1,6,0,18,16,2,4,,,1,3,15,16,481,333,7,6
15237964,2026-03-22,8,Remo,Bahia,4,1,38%,62%,1.56,1.56,16,11,10,3,5,9,15,10,3,1,,,2,6,18,9,274,457,6,13
15237956,2026-03-22,8,Vasco da Gama,Grêmio,2,1,37%,63%,1.60,0.54,10,9,5,3,0,2,11,4,3,1,,,2,3,13,16,327,548,16,10
15237961,2026-03-22,8,Internacional,Chapecoense,2,0,48%,52%,3.69,0.46,14,10,7,0,4,4,16,9,2,3,0,1,0,5,19,16,404,433,14,5
15237963,2026-03-22,8,Vitória,Mirassol,1,0,40%,60%,0.63,0.84,13,14,6,3,4,5,18,8,3,3,,,3,5,20,19,297,432,6,10
15237958,2026-03-22,8,Corinthians,Flamengo,1,1,54%,46%,1.62,0.35,13,10,2,2,6,2,21,13,2,3,0,1,1,1,23,15,419,355,5,8
15237966,2026-04-01,9,Botafogo,Mirassol,3,2,35%,65%,2.66,1.08,11,19,5,4,2,8,14,14,3,3,,,2,2,21,19,320,569,4,7
15237971,2026-04-01,9,Internacional,São Paulo,1,1,34%,66%,0.92,0.96,6,15,4,3,2,11,18,15,1,1,,,2,3,16,13,296,587,6,5
15237973,2026-04-01,9,Bahia,Athletico,3,0,52%,48%,1.00,0.58,7,12,5,4,3,1,15,19,2,2,,,4,2,13,6,462,422,11,9
15237970,2026-04-01,9,Cruzeiro,Vitória,3,0,59%,41%,1.94,0.12,11,4,6,1,5,6,15,12,1,3,,,1,2,14,10,550,374,6,8
15237972,2026-04-01,9,Coritiba,Vasco da Gama,1,1,65%,35%,1.58,0.51,18,11,4,2,3,4,11,11,2,1,,,1,4,11,12,583,316,4,2
15237965,2026-04-02,9,Fluminense,Corinthians,3,1,61%,39%,2.14,0.56,20,12,10,4,8,10,10,13,1,4,0,1,3,7,11,9,526,332,4,6
15235602,2026-04-02,9,Chapecoense,Atlético Mineiro,0,4,45%,55%,2.09,1.74,19,20,4,8,7,3,19,5,1,0,,,4,3,12,9,379,493,8,10
15237967,2026-04-02,9,Santos,Remo,2,0,58%,42%,1.33,0.39,7,11,3,4,7,4,17,14,4,2,,,4,1,17,15,518,370,11,15
15237968,2026-04-03,9,Palmeiras,Grêmio,2,1,60%,40%,0.64,0.54,16,10,4,5,8,2,12,15,0,3,,,4,2,15,17,485,324,7,8
15237969,2026-04-03,9,Red Bull Bragantino,Flamengo,3,0,56%,44%,1.72,0.27,18,7,6,1,7,5,12,12,4,1,0,1,1,3,14,10,468,371,9,6
15235504,2026-04-04,10,São Paulo,Cruzeiro,4,1,36%,64%,2.01,1.52,11,14,5,7,6,4,21,14,2,0,,,6,1,26,14,270,478,5,5
15235507,2026-04-04,10,Coritiba,Fluminense,1,1,33%,67%,0.68,1.37,10,15,4,4,3,10,8,14,1,0,,,3,3,18,13,266,551,8,2
15235514,2026-04-05,10,Vasco da Gama,Botafogo,1,2,63%,37%,2.41,1.19,17,18,5,9,3,2,11,16,2,4,,,8,4,12,25,511,303,10,7
15235513,2026-04-05,10,Chapecoense,Vitória,1,1,58%,42%,2.15,1.45,25,15,6,9,9,1,16,14,2,3,0,1,8,5,9,10,353,277,12,6
15235503,2026-04-05,10,Atlético Mineiro,Athletico,2,1,49%,51%,1.29,0.43,15,11,5,3,2,8,9,13,0,1,,,2,3,12,18,479,477,9,6
15235603,2026-04-05,10,Flamengo,Santos,3,1,63%,37%,2.29,0.77,19,17,4,2,2,7,2,12,0,2,,,1,1,8,14,613,357,3,13
15235511,2026-04-05,10,Bahia,Palmeiras,1,2,59%,41%,1.21,0.29,19,8,6,5,7,5,18,17,2,4,,,4,4,16,12,490,347,10,6
15235509,2026-04-05,10,Corinthians,Internacional,0,1,65%,35%,1.35,0.37,11,8,2,3,7,4,16,19,2,3,,,2,2,14,11,462,249,9,12
15235518,2026-04-05,10,Mirassol,Red Bull Bragantino,0,1,54%,46%,0.68,1.91,15,16,2,5,12,6,7,10,2,3,,,4,2,11,14,360,317,6,6
15235505,2026-04-05,10,Grêmio,Remo,0,0,63%,37%,0.84,2.09,20,11,3,4,8,3,8,9,2,3,0,1,4,3,16,17,507,302,5,5
15235542,2026-04-11,11,Remo,Vasco da Gama,1,1,43%,57%,0.71,1.33,12,19,2,3,3,6,12,10,0,2,,,2,1,20,15,337,449,12,10
15235517,2026-04-11,11,Vitória,São Paulo,2,0,41%,59%,1.35,0.67,15,16,6,5,1,6,11,11,2,3,0,1,5,4,13,10,359,506,9,4
15235515,2026-04-11,11,Mirassol,Bahia,1,2,42%,58%,1.46,1.78,16,14,6,8,8,4,20,14,5,1,1,0,6,6,12,16,366,526,16,11
15235510,2026-04-11,11,Santos,Atlético Mineiro,1,0,45%,55%,1.28,0.78,18,11,2,3,5,7,8,17,3,1,,,3,1,27,15,395,495,10,7
15235546,2026-04-11,11,Internacional,Grêmio,0,0,54%,46%,0.94,0.42,11,4,3,1,8,2,19,20,4,3,0,1,1,3,23,10,338,297,10,6
15235543,2026-04-12,11,Athletico,Chapecoense,2,0,58%,42%,1.31,0.17,14,8,6,1,5,0,15,17,2,5,,,1,4,17,15,420,315,4,9
15235508,2026-04-12,11,Botafogo,Coritiba,2,2,61%,39%,2.46,1.32,21,14,8,5,7,4,14,7,2,4,,,3,6,9,19,479,308,12,7
15235506,2026-04-12,11,Fluminense,Flamengo,1,2,60%,40%,1.26,2.81,19,17,6,9,8,2,14,11,3,3,0,1,6,5,9,28,613,407,9,7
15235512,2026-04-12,11,Corinthians,Palmeiras,0,0,32%,68%,0.55,0.94,6,16,4,4,2,7,17,16,2,1,2,0,5,4,17,15,215,443,4,5
15235516,2026-04-12,11,Cruzeiro,Red Bull Bragantino,2,1,49%,51%,2.03,0.53,16,16,7,4,2,7,16,21,0,2,,,3,5,15,19,335,340,11,6
15235526,2026-04-18,12,Chapecoense,Botafogo,1,4,49%,51%,0.26,1.03,9,13,3,8,4,4,6,7,,,,,4,3,11,12,493,522,5,3
15235520,2026-04-18,12,Vasco da Gama,São Paulo,2,1,62%,38%,2.18,2.39,20,10,5,4,6,5,14,20,1,2,,,1,3,17,12,431,264,14,13
15235525,2026-04-18,12,Vitória,Corinthians,0,0,54%,46%,0.65,0.18,13,7,1,0,4,2,13,14,1,2,,,0,1,13,15,429,357,8,6
15235528,2026-04-18,12,Cruzeiro,Grêmio,2,0,41%,59%,1.84,0.52,18,9,6,1,4,1,16,13,4,3,,,1,4,19,14,314,455,3,10
15235523,2026-04-19,12,Internacional,Mirassol,1,2,72%,28%,1.69,1.74,25,10,8,4,11,2,6,15,0,4,,,1,6,19,15,623,246,4,8
15235524,2026-04-19,12,Coritiba,Atlético Mineiro,2,0,23%,77%,1.01,1.29,2,23,2,7,2,8,18,10,2,1,1,1,7,0,21,9,198,638,14,7
15235522,2026-04-19,12,Santos,Fluminense,2,3,47%,53%,1.20,0.80,7,10,4,3,6,4,13,14,5,3,,,0,2,20,23,447,504,7,4
15235550,2026-04-19,12,Palmeiras,Athletico,1,0,50%,50%,0.33,0.42,10,9,2,3,9,3,9,22,3,4,1,0,3,1,5,19,407,388,10,10
15235521,2026-04-19,12,Red Bull Bragantino,Remo,4,2,51%,49%,1.56,0.50,16,7,7,3,1,1,11,12,1,1,,,1,5,13,11,426,403,3,7
15235519,2026-04-19,12,Flamengo,Bahia,2,0,52%,48%,2.18,0.63,20,13,8,5,6,1,12,8,2,0,,,5,6,11,12,561,503,7,16
15235537,2026-04-25,13,Bahia,Santos,2,2,64%,36%,1.24,2.63,18,11,5,5,5,3,16,17,3,4,,,3,3,20,17,515,295,10,8
15235529,2026-04-25,13,Botafogo,Internacional,2,2,53%,47%,1.40,0.45,16,8,7,4,3,5,16,14,2,3,,,2,5,22,18,316,284,11,12
15235536,2026-04-25,13,Remo,Cruzeiro,0,1,47%,53%,1.00,0.20,14,6,1,6,4,1,15,22,1,3,,,5,1,16,19,321,393,9,10
15235530,2026-04-26,13,São Paulo,Mirassol,1,0,53%,47%,0.94,1.21,17,10,1,1,12,4,11,14,1,2,,,1,0,18,18,418,383,10,12
15235531,2026-04-26,13,Corinthians,Vasco da Gama,1,0,40%,60%,0.64,1.02,13,21,5,7,5,7,12,17,3,4,1,0,7,4,12,15,324,479,13,8
15235534,2026-04-26,13,Grêmio,Coritiba,1,0,56%,44%,1.09,0.69,22,15,6,4,5,2,20,11,3,2,0,2,4,5,12,10,436,342,5,11
15235535,2026-04-26,13,Athletico,Vitória,3,1,61%,39%,3.63,0.72,23,7,11,2,4,4,16,15,6,4,,,1,8,12,15,369,244,5,6
15235532,2026-04-26,13,Red Bull Bragantino,Palmeiras,0,1,61%,39%,1.03,0.46,19,6,4,3,9,4,12,17,1,2,,,2,4,7,15,450,300,10,8
15235533,2026-04-26,13,Atlético Mineiro,Flamengo,0,4,51%,49%,1.37,2.78,18,9,6,6,8,1,10,13,1,2,,,2,6,10,12,493,488,8,4
15235527,2026-04-26,13,Fluminense,Chapecoense,2,1,71%,29%,2.90,0.39,30,8,12,3,7,1,6,16,1,4,0,1,2,10,16,14,740,305,2,9
15235541,2026-05-02,14,Botafogo,Remo,1,2,58%,42%,1.37,1.94,16,18,5,9,9,6,14,10,2,2,,,7,4,10,11,447,327,2,9
15235540,2026-05-02,14,Palmeiras,Santos,1,1,54%,46%,2.25,1.07,22,14,3,4,9,4,9,5,1,1,,,3,2,14,22,448,392,9,7
15235551,2026-05-02,14,Vitória,Coritiba,4,1,61%,39%,2.08,0.60,11,5,7,1,2,4,13,11,3,1,0,1,1,3,18,12,522,327,10,7
15235553,2026-05-02,14,Athletico,Grêmio,0,0,45%,55%,0.83,1.02,11,8,5,0,7,3,11,13,2,2,1,1,0,4,16,17,369,437,10,7
15235548,2026-05-03,14,Cruzeiro,Atlético Mineiro,1,3,69%,31%,1.15,1.52,14,6,2,4,5,1,15,17,4,7,2,1,1,1,15,12,494,231,9,12
15235538,2026-05-03,14,Flamengo,Vasco da Gama,2,2,49%,51%,2.15,1.67,12,20,5,6,5,6,15,12,3,3,,,4,3,16,14,469,486,9,11
15235539,2026-05-03,14,São Paulo,Bahia,2,2,39%,61%,1.88,2.65,18,19,8,8,14,10,12,12,4,3,,,5,6,14,14,319,510,7,11
15235549,2026-05-03,14,Chapecoense,Red Bull Bragantino,1,2,55%,45%,1.68,0.72,19,7,3,2,5,2,8,10,2,2,,,0,2,11,13,444,373,10,13
15235545,2026-05-03,14,Internacional,Fluminense,2,0,33%,67%,2.37,1.05,18,11,9,6,3,3,25,18,4,3,,,6,7,15,9,315,633,8,5
15235544,2026-05-03,14,Mirassol,Corinthians,2,1,39%,61%,1.02,0.36,7,11,5,3,1,5,19,13,5,2,,,2,3,8,11,348,552,6,11
15235556,2026-05-09,15,Coritiba,Internacional,2,2,36%,64%,0.55,3.35,8,22,3,4,3,8,11,10,1,3,,,2,1,18,10,308,533,8,4
15235547,2026-05-09,15,Fluminense,Vitória,2,2,58%,42%,1.22,1.51,12,10,5,3,6,3,15,7,4,2,,,1,3,17,17,523,383,4,11
15235559,2026-05-10,15,Bahia,Cruzeiro,1,2,46%,54%,1.20,2.17,8,20,3,7,6,8,14,16,3,4,,,5,2,18,17,353,412,8,10
15235558,2026-05-10,15,Atlético Mineiro,Botafogo,1,1,43%,57%,1.13,1.74,17,18,7,5,6,4,9,12,0,2,,,4,6,10,12,305,405,10,13
15235565,2026-05-10,15,Remo,Palmeiras,1,1,34%,66%,0.95,1.32,15,18,4,5,5,17,6,6,1,2,1,0,4,3,15,6,232,462,6,4
15235554,2026-05-10,15,Corinthians,São Paulo,3,2,49%,51%,1.49,1.12,15,7,6,4,7,7,12,13,4,4,,,3,3,8,15,381,403,15,14
15235563,2026-05-10,15,Mirassol,Chapecoense,1,1,59%,41%,1.48,0.46,23,11,4,4,8,1,10,20,1,5,,,4,3,12,8,481,343,3,9
15235557,2026-05-10,15,Santos,Red Bull Bragantino,2,0,53%,47%,1.12,0.66,9,10,3,3,7,3,13,18,1,4,,,3,1,22,17,448,391,8,13
15235555,2026-05-10,15,Grêmio,Flamengo,0,1,32%,68%,0.40,2.27,6,20,3,5,0,6,10,10,1,3,,,4,2,13,15,336,729,16,6
15235552,2026-05-10,15,Vasco da Gama,Athletico,1,0,53%,47%,2.11,0.90,16,9,6,3,4,3,6,9,4,1,,,3,5,22,17,482,426,13,6
15235566,2026-05-16,16,Atlético Mineiro,Mirassol,3,1,49%,51%,2.23,0.79,14,7,5,3,5,6,6,14,0,1,,,1,2,13,13,389,404,10,3
15235567,2026-05-16,16,Internacional,Vasco da Gama,4,1,40%,60%,1.79,0.58,12,14,7,3,3,4,17,11,2,2,0,1,2,3,26,13,341,509,4,10
15235560,2026-05-16,16,Fluminense,São Paulo,2,1,50%,50%,1.19,1.01,10,14,3,7,3,5,13,10,2,5,,,6,1,11,18,475,469,11,9
15235564,2026-05-17,16,Palmeiras,Cruzeiro,1,1,47%,53%,1.05,0.44,16,11,2,4,6,5,19,14,2,4,,,3,1,18,21,362,407,10,7
15235562,2026-05-17,16,Santos,Coritiba,0,3,63%,37%,2.21,2.48,13,9,3,5,3,3,13,15,4,2,1,0,2,3,20,10,438,264,5,5
15235573,2026-05-17,16,Bahia,Grêmio,1,1,59%,41%,1.90,0.19,17,3,6,1,7,3,18,14,4,5,,,0,5,17,18,443,317,7,7
15235561,2026-05-17,16,Botafogo,Corinthians,3,1,35%,65%,0.95,0.82,13,19,5,1,3,2,22,8,6,1,,,0,2,15,13,254,464,10,7
15235568,2026-05-17,16,Chapecoense,Remo,2,3,52%,48%,2.37,1.13,18,11,8,4,3,9,10,6,2,1,,,2,6,6,11,440,403,12,8
15235587,2026-05-17,16,Red Bull Bragantino,Vitória,2,0,49%,51%,2.95,0.29,23,8,5,2,7,6,21,11,4,2,,,2,3,19,18,333,347,6,3
15235588,2026-05-17,16,Athletico,Flamengo,1,1,36%,64%,1.17,1.08,18,12,5,3,9,7,9,12,2,3,0,1,3,4,6,12,289,535,8,8
15235570,2026-05-23,17,São Paulo,Botafogo,1,1,54%,46%,1.70,0.95,14,14,4,6,4,3,20,19,4,4,,,5,3,10,17,366,310,7,4
15235576,2026-05-23,17,Vitória,Internacional,2,0,44%,56%,0.84,1.84,7,20,3,2,4,6,15,18,2,3,0,1,2,1,5,12,311,374,12,8
15235575,2026-05-23,17,Grêmio,Santos,3,2,50%,50%,1.63,1.28,14,13,5,3,8,5,12,13,1,3,0,1,1,2,15,13,435,445,13,6
15235577,2026-05-23,17,Mirassol,Fluminense,1,0,33%,67%,0.56,0.49,13,10,8,1,4,5,12,14,3,3,,,1,7,13,14,267,555,8,7
15235572,2026-05-24,17,Flamengo,Palmeiras,0,3,48%,52%,1.12,0.90,22,12,3,6,8,4,9,19,6,6,1,0,3,3,14,17,465,538,9,9
15235574,2026-05-24,17,Cruzeiro,Chapecoense,2,1,66%,34%,2.96,0.57,18,8,7,4,9,2,13,15,1,3,,,3,5,11,18,472,243,7,9
15235582,2026-05-24,17,Remo,Athletico,1,2,44%,56%,0.36,1.92,3,16,2,9,3,10,9,14,1,4,1,0,8,1,13,17,337,431,11,9
15235571,2026-05-24,17,Corinthians,Atlético Mineiro,1,0,58%,42%,0.65,1.85,10,11,4,1,3,0,15,14,1,2,,,1,3,10,12,516,373,6,8
15235569,2026-05-24,17,Vasco da Gama,Red Bull Bragantino,0,3,60%,40%,1.22,3.78,14,21,6,9,6,6,13,14,1,4,,,7,6,18,21,392,263,12,11
15235578,2026-05-25,17,Coritiba,Bahia,3,2,44%,56%,1.07,1.25,13,14,7,1,3,6,11,17,0,3,,,0,4,11,14,336,428,6,7
15235589,2026-05-30,18,Athletico,Mirassol,1,0,50%,50%,1.15,0.56,13,10,2,2,6,4,11,11,2,3,,,2,1,21,15,396,402,9,8
15235579,2026-05-30,18,Flamengo,Coritiba,3,0,62%,38%,1.46,0.83,21,10,9,2,6,4,10,2,3,0,0,1,2,6,12,9,641,394,8,5
15235585,2026-05-30,18,Bahia,Botafogo,2,1,69%,31%,2.43,1.05,24,13,9,6,10,4,14,16,4,5,0,1,4,8,14,19,498,239,6,10
15235583,2026-05-30,18,Grêmio,Corinthians,1,3,41%,59%,1.50,1.89,10,24,3,9,4,8,23,20,3,2,1,0,6,1,17,20,295,432,11,11
15235580,2026-05-30,18,Santos,Vitória,3,1,44%,56%,0.62,0.98,5,22,4,9,1,5,17,8,3,4,1,0,8,1,23,12,334,412,12,12
15235584,2026-05-31,18,Red Bull Bragantino,Internacional,3,1,52%,48%,1.88,0.88,18,8,7,2,6,1,19,17,2,4,,,1,5,11,18,343,322,11,5
15235581,2026-05-31,18,Palmeiras,Chapecoense,1,0,48%,52%,0.77,1.21,13,15,4,3,3,2,9,9,1,1,1,0,3,3,20,13,493,515,2,13
15235590,2026-05-31,18,Vasco da Gama,Atlético Mineiro,0,1,60%,40%,1.29,0.54,26,10,8,4,3,4,20,17,1,1,,,3,8,23,16,485,334,5,7
15235586,2026-05-31,18,Cruzeiro,Fluminense,1,1,61%,39%,1.11,0.77,19,10,3,5,5,4,12,15,2,2,,,4,2,12,16,586,373,11,12
15237974,2026-05-31,18,Remo,São Paulo,1,0,39%,61%,0.79,1.09,9,9,2,4,6,7,7,14,1,2,,,4,1,17,5,301,474,10,2
15237976,2026-07-16,19,Botafogo,Santos,2,1,48%,52%,2.97,2.63,17,22,6,9,5,6,10,13,4,2,,,8,4,22,27,375,416,17,8
15237983,2026-07-16,19,Vitória,Vasco da Gama,1,0,49%,51%,0.57,0.63,14,13,5,3,3,2,12,15,,,,,3,4,25,17,376,389,10,7
15237975,2026-07-17,19,Fluminense,Red Bull Bragantino,1,1,67%,33%,1.71,0.89,24,6,4,2,11,4,6,9,2,4,1,2,1,3,10,16,577,294,10,7
15237979,2026-07-17,19,Mirassol,Grêmio,2,1,45%,55%,1.43,0.68,14,9,3,4,5,4,14,9,1,3,,,3,1,20,21,347,452,10,5
15237980,2026-07-21,19,Atlético Mineiro,Bahia,1,1,50%,50%,1.23,1.13,16,21,4,4,6,4,4,12,0,2,,,3,3,9,21,399,406,8,9
15237982,2026-07-22,19,Coritiba,Palmeiras,1,3,52%,48%,0.71,0.90,17,14,6,6,8,4,10,16,1,3,,,3,5,18,13,440,436,4,6
15237984,2026-07-23,19,Chapecoense,Flamengo,0,4,37%,63%,0.94,1.32,13,10,3,6,5,3,9,8,1,0,,,3,3,17,12,385,683,8,6
15237981,2026-07-23,19,Internacional,Cruzeiro,1,2,47%,53%,2.14,1.67,21,13,3,6,5,7,18,14,1,6,1,0,3,1,10,21,341,404,10,8
15237977,2026-07-23,19,São Paulo,Athletico,1,2,70%,30%,0.90,2.05,18,11,3,3,7,3,7,15,0,1,,,1,2,22,14,630,263,7,9
15237978,2026-07-23,19,Corinthians,Remo,3,0,56%,44%,1.66,0.18,15,3,7,0,3,4,13,9,1,1,,,0,4,10,14,514,397,8,7
15235404,2026-07-25,20,Athletico,Internacional,2,0,46%,54%,2.80,1.34,14,13,3,3,3,7,13,8,,,,,3,1,19,12,358,422,4,7
15235411,2026-07-25,20,Santos,Chapecoense,2,2,64%,36%,1.83,0.97,21,5,7,3,12,1,11,13,3,4,,,2,5,16,19,599,338,6,17
15235487,2026-07-25,20,Vasco da Gama,Mirassol,1,1,58%,42%,1.73,1.21,20,10,4,3,9,5,12,7,1,1,,,2,3,18,13,477,353,15,13
15235408,2026-07-26,20,Bahia,Corinthians,1,1,60%,40%,0.47,0.17,13,5,2,2,7,2,17,18,2,5,,,1,1,14,20,474,323,5,2
15235416,2026-07-26,20,Cruzeiro,Botafogo,0,1,62%,38%,1.50,0.46,16,8,6,4,9,1,14,18,4,5,,,3,6,13,16,446,279,9,5
15237985,2026-07-26,20,Flamengo,São Paulo,1,1,54%,46%,2.01,0.50,18,4,6,1,5,2,15,19,1,3,,,0,5,19,19,510,439,7,12
15235403,2026-07-26,20,Grêmio,Fluminense,1,1,51%,49%,1.28,1.07,12,7,5,3,9,2,12,9,2,4,,,2,4,8,6,466,476,13,7
15235410,2026-07-26,20,Red Bull Bragantino,Coritiba,0,0,56%,44%,0.86,0.40,20,5,3,3,8,1,16,3,4,2,,,3,3,13,9,406,325,5,15
15235405,2026-07-26,20,Palmeiras,Atlético Mineiro,1,2,69%,31%,1.70,1.93,21,9,6,4,10,5,7,11,0,3,,,2,5,12,5,669,307,7,9
15235429,2026-07-26,20,Remo,Vitória,2,0,35%,65%,0.73,1.31,15,14,9,6,4,9,16,8,3,1,,,5,7,13,17,278,508,8,6
15235488,2026-07-29,21,Internacional,Flamengo,1,1,27%,73%,1.24,1.34,16,14,5,5,2,3,11,14,1,3,,,4,4,26,8,258,706,12,8
15235433,2026-07-29,21,Mirassol,Remo,2,1,54%,46%,1.35,0.90,8,13,4,2,6,3,15,5,2,2,,,1,3,11,19,478,392,19,9
15235417,2026-07-30,21,Fluminense,Bahia,0,0,59%,41%,2.23,0.34,25,10,11,0,8,1,7,9,1,1,,,0,10,18,11,537,383,4,14
15235418,2026-07-30,21,Vitória,Palmeiras,0,4,32%,68%,0.48,1.39,10,16,3,5,6,1,10,15,3,2,2,0,2,3,18,8,229,509,8,1
15235406,2026-07-30,21,Corinthians,Athletico,0,0,52%,48%,1.34,0.58,7,4,4,1,6,2,16,16,3,4,,,1,4,14,13,429,403,16,5
15235409,2026-07-31,21,Coritiba,Cruzeiro,0,1,50%,50%,1.25,2.24,19,20,2,4,4,2,13,18,1,1,,,3,2,8,11,408,413,10,6
15235412,2026-08-08,22,Grêmio,São Paulo,2,1,48%,52%,1.45,1.94,12,19,5,4,7,7,12,19,4,3,,,4,3,9,9,427,468,6,4
15235415,2026-08-08,22,Remo,Atlético Mineiro,2,2,42%,58%,0.70,1.12,12,10,4,2,5,2,13,13,2,2,,,0,2,9,10,390,562,11,6
15235413,2026-08-08,22,Coritiba,Chapecoense,2,1,36%,64%,1.35,0.50,15,12,4,3,5,6,14,11,1,1,,,2,2,9,9,275,505,10,3
15235448,2026-08-09,22,Botafogo,Fluminense,1,1,41%,59%,1.39,1.00,22,14,7,4,7,7,16,18,4,3,1,0,3,6,12,27,329,474,7,5
15235463,2026-08-09,22,Cruzeiro,Mirassol,3,1,50%,50%,0.90,1.55,11,13,3,4,4,1,14,18,3,2,,,3,0,16,17,374,379,8,6
15235420,2026-08-09,22,Bahia,Vasco da Gama,0,0,52%,48%,0.68,0.64,11,14,2,3,4,6,13,10,1,2,,,3,2,16,24,396,363,20,9
15235469,2026-08-09,22,Palmeiras,Internacional,0,0,63%,37%,1.09,0.33,22,9,3,2,5,2,12,16,1,3,,,2,2,16,9,549,341,15,14
15235407,2026-08-09,22,Red Bull Bragantino,Corinthians,0,2,48%,52%,0.49,1.32,10,9,2,4,3,2,12,14,1,3,,,2,2,17,16,362,397,6,9
15235464,2026-08-09,22,Santos,Athletico,0,2,62%,38%,1.64,1.16,22,8,2,4,10,2,12,11,1,1,,,2,2,14,13,567,360,10,16
15235460,2026-08-09,22,Flamengo,Vitória,2,0,63%,37%,1.14,0.18,20,7,6,1,8,1,13,8,1,1,,,1,4,12,16,667,399,10,8
15235422,2026-08-15,23,Fluminense,Palmeiras,3,2,60%,40%,2.18,1.10,17,15,6,6,5,5,16,17,4,3,,,4,3,20,19,487,317,5,13
15235428,2026-08-15,23,Athletico,Red Bull Bragantino,1,1,50%,50%,2.12,1.19,20,16,7,5,8,5,7,8,0,1,,,4,6,12,16,461,464,15,11
15235424,2026-08-16,23,São Paulo,Coritiba,1,1,66%,34%,1.12,0.41,19,8,6,1,6,3,15,10,2,1,,,0,5,12,18,600,314,9,8
15235427,2026-08-16,23,Chapecoense,Bahia,3,3,34%,66%,1.33,2.40,12,18,3,4,3,5,16,9,2,2,,,3,0,21,12,282,564,8,8
15235431,2026-08-16,23,Atlético Mineiro,Grêmio,3,0,51%,49%,2.73,0.47,15,9,5,1,8,6,14,11,3,3,,,1,2,14,11,478,464,8,8
15235421,2026-08-16,23,Vasco da Gama,Santos,0,3,57%,43%,1.12,2.29,19,11,3,5,4,2,14,11,2,1,,,2,4,9,28,414,324,12,11
15235426,2026-08-16,23,Mirassol,Flamengo,1,5,44%,56%,1.27,2.78,16,15,5,8,4,3,12,4,3,0,,,3,3,10,27,401,543,7,10
15235443,2026-08-16,23,Vitória,Botafogo,1,0,46%,54%,2.22,1.30,22,17,4,3,8,4,19,18,2,3,0,1,3,2,21,17,344,401,5,10
15235425,2026-08-16,23,Corinthians,Cruzeiro,1,2,53%,47%,1.45,1.27,20,15,6,6,3,8,16,14,1,4,,,4,5,22,10,459,416,9,11
15235434,2026-08-17,23,Internacional,Remo,1,1,39%,61%,1.39,0.90,11,12,3,3,4,5,13,12,1,4,,,2,2,19,14,336,524,6,17
15235430,2026-08-22,24,Fluminense,Remo,2,1,73%,27%,1.49,0.38,19,7,8,1,11,2,10,10,1,1,,,0,7,14,14,712,269,11,10
15235446,2026-08-22,24,Internacional,Atlético Mineiro,0,0,52%,48%,1.18,1.06,23,11,3,5,6,5,18,15,5,3,,,4,3,19,13,447,413,7,10
15235438,2026-08-22,24,Cruzeiro,Flamengo,2,1,48%,52%,1.23,1.63,24,14,6,3,3,3,13,7,3,1,,,2,4,15,13,498,559,12,9
15235454,2026-08-23,24,Palmeiras,Vasco da Gama,4,1,57%,43%,1.74,2.15,13,12,5,4,5,3,8,21,1,3,,,3,1,18,23,551,407,7,9
15235436,2026-08-23,24,Red Bull Bragantino,Grêmio,1,0,54%,46%,2.86,0.48,27,14,4,1,8,5,9,12,2,3,,,1,2,12,16,453,406,7,7
15235444,2026-08-23,24,Vitória,Bahia,0,2,47%,53%,0.52,4.32,14,28,2,9,7,7,13,10,4,3,,,6,2,20,20,301,341,5,6
15235451,2026-08-23,24,Chapecoense,São Paulo,1,0,23%,77%,0.64,1.81,13,22,4,5,7,3,17,7,4,1,,,5,3,14,8,236,791,12,5
15235435,2026-08-23,24,Santos,Mirassol,1,1,64%,36%,1.46,0.27,21,5,7,3,10,2,9,13,2,3,0,1,2,6,27,17,577,333,23,17
15235437,2026-08-23,24,Coritiba,Corinthians,2,1,35%,65%,0.41,0.68,12,16,3,3,4,14,8,9,2,2,,,2,1,20,12,314,552,8,5
15235432,2026-08-24,24,Botafogo,Athletico,2,3,55%,45%,2.79,1.18,33,7,8,6,13,2,12,9,2,1,,,3,6,15,19,489,414,5,13
15235441,2026-08-29,25,Atlético Mineiro,Vitória,2,1,61%,39%,1.46,0.64,18,14,8,3,4,5,12,13,2,1,,,2,6,16,22,636,395,10,5
15235449,2026-08-29,25,São Paulo,Red Bull Bragantino,2,1,38%,62%,1.55,0.47,17,8,8,3,9,7,11,14,3,4,,,2,6,18,23,282,468,13,7
15235442,2026-08-30,25,Vasco da Gama,Cruzeiro,3,1,45%,55%,3.24,0.61,21,11,9,6,11,3,15,12,2,1,,,5,7,16,26,386,484,9,7
15235453,2026-08-30,25,Athletico,Fluminense,3,3,47%,53%,1.92,0.56,17,12,8,6,8,3,15,12,2,2,,,3,5,12,14,444,526,14,12
