match_id,fase,fecha,home,away,home_goals,away_goals,home_ball_possession,away_ball_possession,home_expected_goals,away_expected_goals,home_total_shots,away_total_shots,home_shots_on_target,away_shots_on_target,home_corner_kicks,away_corner_kicks,home_fouls,away_fouls,home_yellow_cards,away_yellow_cards,home_red_cards,away_red_cards,home_goalkeeper_saves,away_goalkeeper_saves,home_tackles,away_tackles,home_passes,away_passes,home_interceptions,away_interceptions
16280788,"Liga 1, Clausura",2026-08-08,Universidad Técnica de Cajamarca,Asociación Deportiva Tarma,1,1,68%,32%,1.58,1.70,17,17,6,3,7,1,9,12,3,3,1,1,2,5,9,6,489,234,8,9
16281127,"Liga 1, Clausura",2026-08-08,CD Juan Pablo II,Club Atlético Grau,0,0,58%,42%,2.16,0.91,19,11,4,4,9,1,2,16,0,3,,,4,4,11,13,454,339,6,11
16280793,"Liga 1, Clausura",2026-08-09,Sport Boys,Alianza Lima,1,1,37%,63%,0.56,0.79,7,9,2,2,0,4,14,9,2,1,,,1,1,11,8,261,446,8,1
16280782,"Liga 1, Clausura",2026-08-09,Deportivo Garcilaso,CD Moquegua,2,0,46%,54%,1.22,0.93,10,9,3,1,5,4,15,10,0,3,,,1,1,18,13,339,406,13,13
16280790,"Liga 1, Clausura",2026-08-09,Melgar,FC Cajamarca,2,4,69%,31%,1.99,3.08,18,17,6,7,10,4,8,15,3,4,1,0,3,4,25,11,484,221,13,13
16280792,"Liga 1, Clausura",2026-08-14,Club Atlético Grau,Comerciantes Unidos,1,0,44%,56%,1.55,0.60,16,12,4,4,5,0,20,7,1,3,,,4,3,20,11,305,399,9,7
16280796,"Liga 1, Clausura",2026-08-14,Cusco FC,CD Juan Pablo II,2,0,60%,40%,1.25,0.76,17,12,2,2,8,5,12,13,1,3,,,1,1,10,8,473,309,9,5
16281119,"Liga 1, Clausura",2026-08-15,Asociación Deportiva Tarma,Alianza Atlético de Sullana,1,1,62%,38%,2.72,1.17,18,8,5,2,15,4,12,15,3,6,0,1,1,4,9,13,349,214,3,5
16280799,"Liga 1, Clausura",2026-08-15,Los Chankas CYC,Melgar,0,3,58%,42%,0.90,0.76,20,9,3,2,7,3,10,11,0,1,,,0,3,14,14,507,389,7,15
16280794,"Liga 1, Clausura",2026-08-16,Alianza Lima,Universidad Técnica de Cajamarca,1,0,64%,36%,2.33,0.00,26,2,8,0,8,1,12,9,1,0,0,1,0,7,21,16,513,303,3,9
16280806,"Liga 1, Clausura",2026-08-16,Club Sporting Cristal,Sport Huancayo,4,1,53%,47%,2.12,1.15,13,13,7,1,11,4,18,12,1,3,,,0,3,19,15,414,369,15,7
16281134,"Liga 1, Clausura",2026-08-16,CD Moquegua,Sport Boys,1,1,42%,58%,0.84,1.65,4,19,1,7,1,11,17,20,5,4,0,1,5,1,6,14,256,334,3,8
16281124,"Liga 1, Clausura",2026-08-16,FC Cajamarca,Universitario de Deportes,2,3,58%,42%,1.94,1.75,16,8,4,6,6,3,15,14,4,2,0,1,3,2,14,11,388,282,3,10
16280800,"Liga 1, Clausura",2026-08-16,Cienciano,Deportivo Garcilaso,0,0,54%,46%,1.48,1.09,14,8,4,0,6,1,10,12,2,5,1,0,0,4,13,19,329,284,14,11
16281129,"Liga 1, Clausura",2026-08-21,FC Cajamarca,Club Atlético Grau,1,3,59%,41%,3.01,2.38,20,15,5,5,4,4,8,10,2,1,,,2,4,15,18,457,325,15,14
16280801,"Liga 1, Clausura",2026-08-21,Alianza Atlético de Sullana,Club Sporting Cristal,3,1,43%,57%,3.95,0.63,17,9,6,3,6,5,17,19,3,3,,,2,3,8,11,293,398,7,8
16280683,"Liga 1, Clausura",2026-08-22,Sport Huancayo,CD Moquegua,0,2,75%,25%,3.68,0.92,43,13,8,5,10,1,12,9,3,2,,,3,8,9,14,493,178,8,10
16280797,"Liga 1, Clausura",2026-08-22,Universidad Técnica de Cajamarca,Comerciantes Unidos,1,3,47%,53%,2.17,4.34,19,22,4,11,7,6,14,15,1,0,1,0,8,3,9,7,298,337,3,4
16281133,"Liga 1, Clausura",2026-08-22,CD Juan Pablo II,Asociación Deportiva Tarma,5,1,45%,55%,1.93,1.47,9,13,5,4,2,6,16,12,,,,,3,1,28,17,356,429,12,12
16280804,"Liga 1, Clausura",2026-08-23,Deportivo Garcilaso,Cusco FC,4,1,47%,53%,2.34,1.42,17,16,9,5,4,8,13,13,1,3,0,2,4,5,11,17,322,361,10,6
16280802,"Liga 1, Clausura",2026-08-23,Sport Boys,Cienciano,5,1,51%,49%,2.86,2.01,14,13,8,6,3,8,10,14,2,2,0,1,5,3,18,18,343,318,7,6
16280803,"Liga 1, Clausura",2026-08-23,Melgar,Alianza Lima,1,1,53%,47%,1.41,0.78,13,15,6,8,3,2,12,8,3,1,,,7,3,17,18,449,404,17,6
16280805,"Liga 1, Clausura",2026-08-23,Universitario de Deportes,Los Chankas CYC,3,0,61%,39%,3.55,0.12,15,4,6,0,3,2,15,12,3,2,0,1,0,3,18,24,492,313,14,9
16280810,"Liga 1, Clausura",2026-08-28,Comerciantes Unidos,FC Cajamarca,2,3,72%,28%,2.90,0.63,27,13,5,6,5,3,10,17,2,2,,,3,3,12,10,501,192,4,9
16280809,"Liga 1, Clausura",2026-08-29,Los Chankas CYC,CD Juan Pablo II,3,4,56%,44%,1.28,3.55,18,19,8,8,4,2,9,8,3,1,1,0,4,5,10,16,459,376,7,6
16280807,"Liga 1, Clausura",2026-08-29,Universidad Técnica de Cajamarca,Universitario de Deportes,2,4,50%,50%,1.10,1.76,15,22,7,9,3,8,16,4,4,2,,,5,5,10,10,380,370,10,7
16280808,"Liga 1, Clausura",2026-08-30,Alianza Lima,Deportivo Garcilaso,0,1,71%,29%,3.71,2.08,30,8,6,5,10,2,13,16,3,3,,,3,6,22,22,478,203,6,10
16281132,"Liga 1, Clausura",2026-08-30,CD Moquegua,Alianza Atlético de Sullana,1,4,53%,47%,0.00,0.00,9,19,3,6,5,4,12,15,1,3,1,0,2,2,13,12,353,300,4,5
16281130,"Liga 1, Clausura",2026-08-30,Asociación Deportiva Tarma,Sport Huancayo,1,3,63%,37%,0.00,0.00,12,9,2,5,9,0,14,18,4,6,0,1,2,2,13,17,349,213,7,7
16280815,"Liga 1, Clausura",2026-08-30,Sport Boys,Club Sporting Cristal,1,0,55%,45%,0.00,0.00,10,7,2,1,9,2,17,10,2,1,0,1,1,1,12,21,448,374,8,7
16281116,"Liga 1, Clausura",2026-07-17,Club Sporting Cristal,Deportivo Garcilaso,1,0,67%,33%,2.76,0.77,18,4,6,0,10,3,16,15,1,0,,,0,5,14,15,529,270,16,7
16281110,"Liga 1, Clausura",2026-07-18,Cienciano,Melgar,1,3,35%,65%,1.16,4.05,14,20,5,4,2,4,5,10,1,4,1,0,2,4,12,13,261,510,11,6
16281112,"Liga 1, Clausura",2026-07-18,CD Moquegua,Comerciantes Unidos,2,2,41%,59%,3.23,1.58,17,17,7,7,5,3,7,15,4,1,,,5,5,15,9,303,446,7,7
16281108,"Liga 1, Clausura",2026-07-18,Asociación Deportiva Tarma,Universitario de Deportes,1,2,59%,41%,0.97,1.68,14,14,4,6,2,4,8,12,1,1,1,0,4,3,9,12,425,302,7,4
16281114,"Liga 1, Clausura",2026-07-18,Club Atlético Grau,Universidad Técnica de Cajamarca,3,1,36%,64%,1.73,0.94,17,11,6,5,2,4,15,11,0,2,,,3,3,19,12,283,510,9,4
16281113,"Liga 1, Clausura",2026-07-18,Cusco FC,Alianza Atlético de Sullana,4,1,58%,42%,2.75,1.12,18,15,7,6,8,2,11,6,1,1,,,5,4,12,11,518,376,8,9
16281115,"Liga 1, Clausura",2026-07-19,Los Chankas CYC,Sport Boys,1,0,54%,46%,1.36,1.04,18,7,10,1,5,5,10,14,0,1,,,1,9,14,18,360,310,9,15
16281109,"Liga 1, Clausura",2026-07-20,Alianza Lima,Sport Huancayo,2,1,66%,34%,2.70,0.30,24,8,8,5,11,2,12,9,4,3,,,4,6,13,14,545,281,8,9
16281126,"Liga 1, Clausura",2026-07-24,Alianza Atlético de Sullana,Los Chankas CYC,3,1,53%,47%,2.19,2.08,17,16,5,7,2,6,18,11,1,1,0,1,6,2,17,21,350,310,18,1
16280780,"Liga 1, Clausura",2026-07-25,Universitario de Deportes,Cusco FC,2,1,48%,52%,1.50,0.76,17,9,5,3,3,4,7,12,1,3,,,2,2,18,15,436,466,15,10
16280778,"Liga 1, Clausura",2026-07-25,Sport Boys,Asociación Deportiva Tarma,2,0,53%,47%,2.81,0.58,16,8,6,1,6,2,10,9,4,2,1,0,1,4,16,12,370,330,10,8
16280781,"Liga 1, Clausura",2026-07-25,Sport Huancayo,Club Atlético Grau,2,0,64%,36%,2.90,0.38,27,10,8,2,10,2,10,5,1,1,0,1,2,7,11,11,477,281,6,6
16281117,"Liga 1, Clausura",2026-07-25,CD Juan Pablo II,Cienciano,2,0,51%,49%,1.48,0.55,16,7,7,1,7,5,8,12,0,3,0,1,1,5,15,16,388,378,15,14
16281128,"Liga 1, Clausura",2026-07-26,Melgar,Club Sporting Cristal,2,1,56%,44%,4.04,0.60,29,11,8,4,5,2,6,12,1,3,,,3,6,13,9,543,419,9,12
16281121,"Liga 1, Clausura",2026-07-26,Universidad Técnica de Cajamarca,CD Moquegua,0,0,70%,30%,1.12,0.40,14,12,5,4,7,1,14,15,3,1,,,4,5,12,12,616,276,7,14
16281122,"Liga 1, Clausura",2026-07-26,Comerciantes Unidos,Alianza Lima,2,2,64%,36%,1.08,2.14,15,16,6,6,1,2,17,12,2,4,,,4,4,12,11,485,273,10,4
16281120,"Liga 1, Clausura",2026-07-27,Deportivo Garcilaso,FC Cajamarca,2,1,45%,55%,1.37,1.06,12,18,8,5,2,3,17,12,2,0,0,1,4,6,19,11,376,461,11,9
16280787,"Liga 1, Clausura",2026-07-31,Los Chankas CYC,Comerciantes Unidos,3,2,37%,63%,1.84,1.49,14,22,6,6,5,7,16,15,4,2,1,0,4,3,12,11,247,420,5,4
16281125,"Liga 1, Clausura",2026-08-01,FC Cajamarca,Sport Huancayo,0,2,62%,38%,0.27,1.65,9,11,2,3,1,2,15,20,3,3,,,1,2,22,15,542,328,8,11
16280785,"Liga 1, Clausura",2026-08-01,Club Atlético Grau,Sport Boys,0,1,55%,45%,1.40,1.49,16,12,3,5,7,5,11,6,2,4,,,4,3,12,17,418,359,9,16
16280783,"Liga 1, Clausura",2026-08-01,Cusco FC,Universidad Técnica de Cajamarca,4,1,57%,43%,3.15,0.67,13,17,6,3,1,3,10,10,1,4,0,1,2,2,7,16,471,354,7,7
16280779,"Liga 1, Clausura",2026-08-02,Alianza Lima,Alianza Atlético de Sullana,3,1,75%,25%,2.51,1.57,20,8,5,4,8,3,6,10,2,2,0,1,3,3,12,14,538,182,11,7
16280784,"Liga 1, Clausura",2026-08-02,Club Sporting Cristal,CD Juan Pablo II,2,0,62%,38%,1.81,0.58,15,9,5,3,6,2,12,12,4,3,,,3,3,20,16,484,311,14,9
16281118,"Liga 1, Clausura",2026-08-02,Asociación Deportiva Tarma,Deportivo Garcilaso,0,1,61%,39%,0.64,2.26,8,13,2,3,6,5,18,11,3,1,1,0,2,2,17,16,331,204,7,9
16281123,"Liga 1, Clausura",2026-08-02,CD Moquegua,Melgar,0,0,29%,71%,0.61,0.47,11,9,0,1,3,5,10,10,2,0,,,1,0,15,8,255,634,13,16
16280786,"Liga 1, Clausura",2026-08-02,Cienciano,Universitario de Deportes,2,0,60%,40%,2.53,0.91,26,6,8,1,7,2,8,6,,,,,1,6,22,5,465,319,11,4
16280795,"Liga 1, Clausura",2026-08-06,Alianza Atlético de Sullana,Cienciano,1,0,42%,58%,2.81,1.22,17,12,5,6,5,2,15,11,3,3,,,6,4,11,13,292,416,11,4
16280798,"Liga 1, Clausura",2026-08-07,Sport Huancayo,Los Chankas CYC,1,1,67%,33%,3.54,0.36,27,7,7,2,12,2,12,8,3,5,,,1,6,21,9,418,214,7,8
16280789,"Liga 1, Clausura",2026-08-07,Comerciantes Unidos,Cusco FC,3,1,43%,57%,0.95,0.53,11,5,4,2,1,1,11,13,3,2,1,0,1,1,10,12,332,451,8,3
16280791,"Liga 1, Clausura",2026-08-08,Universitario de Deportes,Club Sporting Cristal,1,1,43%,57%,0.87,1.31,14,7,3,2,2,4,15,15,2,2,,,1,2,12,13,346,450,10,15
16022825,"Liga 1, Apertura",2026-05-11,Deportivo Garcilaso,Alianza Atlético de Sullana,2,1,55%,45%,1.83,0.63,15,13,7,5,7,2,10,10,3,1,,,4,6,12,15,399,320,11,8
16022823,"Liga 1, Apertura",2026-05-12,Sport Boys,Universitario de Deportes,0,0,76%,24%,1.26,0.28,17,7,5,0,3,2,15,11,3,0,0,1,0,5,12,12,542,168,9,4
16022831,"Liga 1, Apertura",2026-05-15,FC Cajamarca,Club Sporting Cristal,3,1,44%,56%,1.14,0.64,17,12,10,8,6,3,12,9,5,4,,,6,7,12,12,330,438,14,10
16022832,"Liga 1, Apertura",2026-05-16,Universitario de Deportes,Club Atlético Grau,0,1,63%,37%,1.27,0.33,15,5,3,1,8,0,8,11,2,2,1,0,1,3,15,16,455,270,7,6
16022835,"Liga 1, Apertura",2026-05-16,Melgar,Sport Huancayo,4,1,57%,43%,1.62,2.29,15,17,8,3,5,3,8,12,4,3,,,2,4,12,11,479,345,4,8
16022833,"Liga 1, Apertura",2026-05-16,CD Juan Pablo II,Alianza Atlético de Sullana,0,2,55%,45%,0.85,1.70,7,21,1,8,5,5,8,12,2,3,1,0,5,1,13,21,362,302,7,10
16022834,"Liga 1, Apertura",2026-05-16,Cienciano,Alianza Lima,0,1,58%,42%,0.96,0.70,16,8,2,6,7,1,7,10,1,3,1,0,5,2,12,11,344,270,8,9
16022839,"Liga 1, Apertura",2026-05-17,Sport Boys,Cusco FC,1,0,48%,52%,2.11,0.45,20,7,7,4,7,3,10,12,3,5,,,4,5,11,12,358,398,8,10
16022837,"Liga 1, Apertura",2026-05-17,Asociación Deportiva Tarma,Comerciantes Unidos,2,0,56%,44%,1.03,1.21,12,15,5,5,3,9,12,13,2,4,,,5,3,20,11,410,292,6,4
16022838,"Liga 1, Apertura",2026-05-17,Deportivo Garcilaso,Universidad Técnica de Cajamarca,2,0,44%,56%,1.29,0.38,12,10,5,3,1,6,11,13,2,3,,,3,3,14,21,271,339,4,5
16022836,"Liga 1, Apertura",2026-05-17,Los Chankas CYC,CD Moquegua,1,0,56%,44%,1.27,0.58,16,14,3,2,5,6,9,11,3,2,1,0,2,2,12,12,370,274,6,6
16147467,"Liga 1, Apertura",2026-05-22,CD Juan Pablo II,Melgar,1,1,44%,56%,1.29,3.34,14,20,5,9,6,4,12,9,0,1,1,0,8,4,11,6,340,440,6,7
16147469,"Liga 1, Apertura",2026-05-23,CD Moquegua,Universitario de Deportes,0,0,41%,59%,1.22,1.04,10,12,3,1,3,3,12,7,2,0,,,1,3,14,18,240,353,12,7
16147471,"Liga 1, Apertura",2026-05-23,Universidad Técnica de Cajamarca,Sport Boys,0,0,45%,55%,0.52,0.77,12,17,1,3,4,4,14,11,1,2,2,1,3,1,13,11,320,401,6,10
16147474,"Liga 1, Apertura",2026-05-23,Cusco FC,Club Atlético Grau,1,0,69%,31%,0.94,1.14,15,9,5,1,4,2,7,11,3,4,,,1,4,9,10,552,250,2,7
16147468,"Liga 1, Apertura",2026-05-24,Alianza Lima,Los Chankas CYC,3,0,49%,51%,2.09,0.94,12,13,6,3,3,1,17,10,0,2,,,3,3,12,16,310,322,15,8
16147473,"Liga 1, Apertura",2026-05-24,Club Sporting Cristal,Asociación Deportiva Tarma,2,1,63%,37%,4.53,0.26,26,3,6,1,12,0,6,15,2,7,0,1,0,4,14,24,508,304,3,7
16147470,"Liga 1, Apertura",2026-05-24,Sport Huancayo,Cienciano,2,2,50%,50%,1.22,1.47,19,8,5,4,4,3,13,11,3,0,,,3,3,11,14,398,409,4,4
16147490,"Liga 1, Apertura",2026-05-24,Alianza Atlético de Sullana,FC Cajamarca,1,1,56%,44%,2.18,1.19,24,9,8,2,7,0,11,12,2,2,,,1,7,12,15,386,328,5,6
16147472,"Liga 1, Apertura",2026-05-25,Comerciantes Unidos,Deportivo Garcilaso,0,0,64%,36%,2.20,0.51,26,7,10,1,6,3,12,11,1,3,,,1,9,9,13,394,231,5,11
16153069,"Liga 1, Apertura",2026-05-29,Club Atlético Grau,CD Moquegua,1,0,60%,40%,2.80,1.12,16,8,9,1,4,4,14,11,1,3,0,1,1,8,9,16,382,238,7,7
16153068,"Liga 1, Apertura",2026-05-30,Asociación Deportiva Tarma,Cusco FC,1,2,59%,41%,3.48,0.97,22,7,10,3,12,0,12,9,2,3,,,1,9,11,9,420,310,2,5
16153074,"Liga 1, Apertura",2026-05-30,Deportivo Garcilaso,CD Juan Pablo II,4,1,49%,51%,2.58,1.19,13,10,7,2,0,3,19,5,2,1,0,1,1,2,17,13,339,335,3,8
16153073,"Liga 1, Apertura",2026-05-30,Sport Boys,Comerciantes Unidos,1,0,49%,51%,1.90,0.24,17,15,3,3,8,3,16,23,3,2,,,2,2,20,11,285,308,8,8
16153075,"Liga 1, Apertura",2026-05-31,Universitario de Deportes,Sport Huancayo,2,1,58%,42%,2.49,0.96,16,10,4,5,12,5,9,12,2,1,,,4,2,5,15,413,300,10,5
16153078,"Liga 1, Apertura",2026-05-31,Melgar,Alianza Atlético de Sullana,3,1,60%,40%,2.44,0.16,20,9,7,3,5,1,10,8,1,3,,,3,4,23,11,512,357,7,13
16153415,"Liga 1, Apertura",2026-05-31,FC Cajamarca,Alianza Lima,1,1,42%,58%,0.40,0.41,9,12,2,4,2,1,10,10,,,,,3,1,13,13,307,435,7,7
16153076,"Liga 1, Apertura",2026-05-31,Los Chankas CYC,Universidad Técnica de Cajamarca,2,2,49%,51%,1.04,1.49,15,15,3,5,5,7,14,18,2,2,,,4,1,14,16,342,370,10,12
16153077,"Liga 1, Apertura",2026-05-31,Cienciano,Club Sporting Cristal,3,2,56%,44%,3.30,0.42,25,10,7,3,6,5,8,4,0,2,0,1,2,5,10,9,371,312,8,5
16281111,"Liga 1, Clausura",2026-07-17,FC Cajamarca,CD Juan Pablo II,2,2,55%,45%,1.99,1.26,15,11,5,6,1,4,15,13,5,3,0,2,4,4,14,19,417,340,4,10
15881789,"Liga 1, Apertura",2026-04-22,Comerciantes Unidos,Alianza Atlético de Sullana,1,0,48%,52%,0.54,0.83,9,13,2,1,0,2,13,9,2,0,0,1,2,1,10,7,267,276,13,16
15881788,"Liga 1, Apertura",2026-04-22,Club Atlético Grau,Club Sporting Cristal,4,1,41%,59%,2.03,1.00,21,5,8,2,8,0,15,9,4,3,,,1,4,13,10,271,416,9,8
15881787,"Liga 1, Apertura",2026-04-22,Cusco FC,FC Cajamarca,1,0,68%,32%,1.83,0.51,16,9,5,4,5,2,7,11,1,2,,,4,3,17,9,551,269,14,7
15881794,"Liga 1, Apertura",2026-04-23,Universitario de Deportes,Deportivo Garcilaso,4,1,55%,45%,3.55,1.28,25,9,7,1,10,1,11,9,0,1,,,0,3,11,30,410,356,21,14
15881793,"Liga 1, Apertura",2026-04-23,Los Chankas CYC,Cienciano,1,0,53%,47%,1.73,1.39,13,13,5,4,4,10,10,18,1,3,,,4,4,15,10,289,248,7,13
15929412,"Liga 1, Apertura",2026-04-25,CD Moquegua,FC Cajamarca,2,1,47%,53%,1.25,2.04,17,11,6,3,5,3,13,9,0,1,0,1,2,4,12,10,274,311,10,7
15929229,"Liga 1, Apertura",2026-04-25,Comerciantes Unidos,Club Sporting Cristal,1,0,32%,68%,0.88,1.15,13,20,2,1,3,5,16,8,2,2,,,1,1,17,8,221,473,16,4
15929226,"Liga 1, Apertura",2026-04-26,Sport Boys,CD Juan Pablo II,1,1,49%,51%,1.08,1.52,9,11,4,4,10,3,18,6,6,4,1,1,3,1,8,19,229,252,10,8
15929228,"Liga 1, Apertura",2026-04-26,Universidad Técnica de Cajamarca,Cienciano,2,2,45%,55%,0.88,3.27,11,13,4,7,3,10,17,10,3,1,1,1,5,2,8,17,310,355,12,2
15929227,"Liga 1, Apertura",2026-04-26,Cusco FC,Sport Huancayo,2,1,51%,49%,2.11,0.30,11,13,5,2,3,5,11,7,2,2,,,1,2,11,15,410,390,9,4
15929231,"Liga 1, Apertura",2026-04-26,Club Atlético Grau,Alianza Lima,0,1,34%,66%,0.58,0.90,8,13,2,3,1,4,15,9,1,2,1,0,2,2,18,17,230,465,8,7
15929230,"Liga 1, Apertura",2026-04-26,Universitario de Deportes,Alianza Atlético de Sullana,1,2,62%,38%,2.89,1.11,18,14,1,7,4,1,11,6,1,2,,,4,1,13,18,500,328,7,12
15931822,"Liga 1, Apertura",2026-04-27,Asociación Deportiva Tarma,Los Chankas CYC,4,0,56%,44%,1.90,0.91,15,13,7,4,2,2,16,8,3,1,1,0,4,3,13,6,371,285,9,3
15929225,"Liga 1, Apertura",2026-04-28,Deportivo Garcilaso,Melgar,1,0,43%,57%,1.01,1.46,9,12,2,2,3,2,14,12,3,3,,,2,1,13,13,333,455,13,13
15930122,"Liga 1, Apertura",2026-05-02,FC Cajamarca,Sport Boys,3,2,39%,61%,1.19,2.70,12,21,4,7,2,4,24,12,4,2,,,5,2,9,9,240,365,6,3
15930120,"Liga 1, Apertura",2026-05-02,Asociación Deportiva Tarma,Club Atlético Grau,1,0,56%,44%,2.33,0.93,19,12,9,3,1,6,8,11,,,0,1,3,8,18,11,438,325,9,9
15930121,"Liga 1, Apertura",2026-05-02,Cienciano,Comerciantes Unidos,1,0,65%,35%,0.92,0.26,17,6,3,1,4,2,11,19,4,7,1,0,1,1,11,15,399,218,10,15
15930115,"Liga 1, Apertura",2026-05-03,Alianza Lima,CD Moquegua,2,1,67%,33%,2.11,0.23,16,7,6,2,1,0,12,12,2,2,,,1,4,10,11,524,257,11,12
15930114,"Liga 1, Apertura",2026-05-03,Club Sporting Cristal,Cusco FC,2,2,51%,49%,2.14,1.08,23,9,9,2,7,3,14,8,2,2,,,0,7,20,14,393,396,8,7
15930119,"Liga 1, Apertura",2026-05-03,CD Juan Pablo II,Universitario de Deportes,1,4,36%,64%,0.81,2.42,6,18,1,9,0,9,6,24,3,4,1,0,5,0,7,10,242,408,9,7
15930118,"Liga 1, Apertura",2026-05-03,Alianza Atlético de Sullana,Sport Huancayo,4,1,53%,47%,1.82,0.43,14,10,7,1,4,4,10,9,2,3,0,1,0,3,11,17,410,360,10,1
15930117,"Liga 1, Apertura",2026-05-03,Melgar,Universidad Técnica de Cajamarca,2,0,63%,37%,0.85,0.32,20,7,7,2,11,1,9,11,1,2,,,2,5,12,10,557,330,10,6
15930116,"Liga 1, Apertura",2026-05-04,Los Chankas CYC,Deportivo Garcilaso,0,1,66%,34%,1.31,0.52,16,8,3,3,6,4,11,16,1,4,0,1,2,2,14,15,476,248,5,22
16022827,"Liga 1, Apertura",2026-05-08,Universidad Técnica de Cajamarca,FC Cajamarca,1,2,62%,38%,0.82,2.08,12,9,3,4,8,3,18,16,2,3,,,2,2,13,16,385,246,4,4
16022828,"Liga 1, Apertura",2026-05-09,CD Moquegua,Asociación Deportiva Tarma,2,2,46%,54%,1.62,0.88,11,10,7,4,3,0,11,11,3,5,,,2,5,7,13,281,343,8,10
16022830,"Liga 1, Apertura",2026-05-09,Club Atlético Grau,Cienciano,1,2,52%,48%,0.68,3.06,14,18,6,8,3,5,10,14,2,5,,,7,5,18,14,324,298,11,1
16022826,"Liga 1, Apertura",2026-05-10,Alianza Lima,Club Sporting Cristal,1,1,56%,44%,0.73,1.44,14,10,6,4,1,2,14,12,2,3,,,3,5,23,30,458,362,8,6
16022824,"Liga 1, Apertura",2026-05-10,Sport Huancayo,CD Juan Pablo II,2,1,57%,43%,1.75,0.74,17,4,7,1,8,5,13,12,1,2,,,0,5,12,12,363,280,7,7
16022822,"Liga 1, Apertura",2026-05-10,Comerciantes Unidos,Melgar,1,1,47%,53%,1.74,1.32,18,12,6,3,3,3,10,13,1,3,,,2,5,22,11,321,364,8,8
16022829,"Liga 1, Apertura",2026-05-10,Cusco FC,Los Chankas CYC,1,1,52%,48%,2.85,0.98,20,14,7,7,5,4,9,10,2,3,,,6,6,20,9,369,334,5,5
15655433,"Liga 1, Apertura",2026-03-21,Cienciano,FC Cajamarca,3,0,70%,30%,4.86,0.05,29,1,15,0,9,0,10,7,,,0,1,0,10,19,6,484,224,7,8
15655692,"Liga 1, Apertura",2026-03-21,CD Moquegua,Cusco FC,1,2,48%,52%,1.00,1.60,13,11,4,7,4,3,10,11,2,3,,,5,3,8,12,298,336,8,2
15655436,"Liga 1, Apertura",2026-03-21,Comerciantes Unidos,Universitario de Deportes,0,0,41%,59%,0.59,1.34,12,23,2,7,2,9,10,9,1,1,,,7,2,12,18,278,399,7,2
15655437,"Liga 1, Apertura",2026-03-21,Los Chankas CYC,Club Sporting Cristal,3,2,34%,66%,1.24,1.15,10,13,6,5,5,9,9,12,3,1,,,3,3,7,5,268,520,6,4
15655438,"Liga 1, Apertura",2026-03-21,Alianza Lima,CD Juan Pablo II,2,0,59%,41%,0.88,0.01,14,1,5,0,5,1,11,14,1,3,,,0,3,6,17,354,255,11,13
15655439,"Liga 1, Apertura",2026-03-22,Universidad Técnica de Cajamarca,Alianza Atlético de Sullana,1,1,51%,49%,1.06,1.92,9,10,4,4,3,4,15,1,3,1,,,3,3,17,10,389,369,9,5
15655435,"Liga 1, Apertura",2026-03-22,Club Atlético Grau,Deportivo Garcilaso,0,0,60%,40%,0.84,2.23,17,13,5,6,7,3,18,8,3,2,,,6,5,6,19,391,271,5,12
15655434,"Liga 1, Apertura",2026-03-22,Sport Boys,Sport Huancayo,3,0,50%,50%,1.91,0.86,15,13,5,3,7,2,26,8,1,3,,,3,3,28,24,388,406,14,6
15714336,"Liga 1, Apertura",2026-04-03,Club Sporting Cristal,CD Moquegua,1,2,78%,22%,1.83,1.41,11,10,4,5,10,2,6,14,1,3,,,3,3,9,20,561,158,5,12
15714347,"Liga 1, Apertura",2026-04-03,Alianza Atlético de Sullana,Club Atlético Grau,2,2,63%,37%,1.15,0.74,17,8,6,5,3,7,7,21,1,3,,,3,4,12,13,331,198,2,8
15714346,"Liga 1, Apertura",2026-04-03,Cienciano,Asociación Deportiva Tarma,3,2,44%,56%,2.37,1.79,10,16,6,6,4,4,18,11,2,4,0,2,4,3,21,11,266,342,14,6
15714349,"Liga 1, Apertura",2026-04-04,Deportivo Garcilaso,Sport Boys,3,2,63%,37%,1.24,0.77,20,5,4,2,2,2,14,15,2,3,,,0,1,5,10,473,283,14,12
15714348,"Liga 1, Apertura",2026-04-04,Melgar,Cusco FC,1,3,63%,37%,1.50,1.54,14,10,1,8,5,4,9,9,1,3,1,0,5,0,11,16,553,329,9,7
15714337,"Liga 1, Apertura",2026-04-05,Universitario de Deportes,Alianza Lima,1,0,51%,49%,0.63,0.73,10,11,5,1,3,2,17,12,3,3,,,1,4,24,9,342,329,14,10
15714351,"Liga 1, Apertura",2026-04-05,Sport Huancayo,Comerciantes Unidos,1,1,71%,29%,0.97,0.80,20,7,6,2,4,1,8,14,2,3,0,1,1,5,11,15,496,200,4,8
15716001,"Liga 1, Apertura",2026-04-05,CD Juan Pablo II,Universidad Técnica de Cajamarca,2,1,42%,58%,1.54,0.82,8,9,3,2,3,7,11,17,2,6,0,1,1,1,16,15,292,391,9,4
15716009,"Liga 1, Apertura",2026-04-06,FC Cajamarca,Los Chankas CYC,0,1,46%,54%,1.78,1.18,11,15,4,6,5,5,20,10,4,1,,,5,4,20,16,373,448,13,4
15881918,"Liga 1, Apertura",2026-04-14,CD Moquegua,CD Juan Pablo II,3,0,55%,45%,0.71,1.13,5,9,3,2,3,5,18,8,3,1,0,1,1,0,10,12,313,255,7,7
15881919,"Liga 1, Apertura",2026-04-14,Asociación Deportiva Tarma,Alianza Lima,0,1,79%,21%,0.53,0.51,16,8,2,3,3,3,11,7,2,3,,,2,2,9,9,554,145,6,11
15881791,"Liga 1, Apertura",2026-04-15,Sport Boys,Melgar,1,3,59%,41%,2.11,3.33,13,11,4,5,6,2,8,12,2,4,2,2,2,3,12,12,368,272,10,10
15881790,"Liga 1, Apertura",2026-04-15,Universidad Técnica de Cajamarca,Sport Huancayo,2,2,62%,38%,1.09,1.23,13,9,6,6,2,1,18,19,3,2,0,1,4,4,15,18,489,294,6,6
15885653,"Liga 1, Apertura",2026-04-17,Los Chankas CYC,Club Atlético Grau,2,0,57%,43%,1.80,1.54,15,13,5,6,7,2,10,17,3,1,,,6,2,16,15,404,307,7,7
15885655,"Liga 1, Apertura",2026-04-18,FC Cajamarca,Asociación Deportiva Tarma,2,2,37%,63%,1.16,1.30,9,14,2,8,3,5,12,7,1,2,,,5,1,18,9,267,463,6,7
15885654,"Liga 1, Apertura",2026-04-18,CD Juan Pablo II,Comerciantes Unidos,2,2,49%,51%,1.04,1.11,10,20,7,4,6,6,11,8,2,1,,,2,4,9,11,297,307,2,5
15885657,"Liga 1, Apertura",2026-04-18,Sport Huancayo,Deportivo Garcilaso,2,1,57%,43%,2.18,1.37,22,11,7,4,4,7,11,10,1,0,,,3,5,17,18,375,284,8,4
15885652,"Liga 1, Apertura",2026-04-19,Alianza Lima,Cusco FC,8,0,58%,42%,3.74,0.73,28,7,13,0,4,1,12,7,1,1,,,0,5,7,5,483,355,9,7
15885659,"Liga 1, Apertura",2026-04-19,Club Sporting Cristal,Universidad Técnica de Cajamarca,3,2,58%,42%,1.82,1.39,11,15,4,6,7,4,9,14,1,2,,,2,1,14,18,444,321,6,17
15885660,"Liga 1, Apertura",2026-04-19,Alianza Atlético de Sullana,Sport Boys,0,1,57%,43%,1.05,0.80,11,16,4,6,5,6,18,13,3,3,1,1,5,4,12,12,327,247,5,10
15885656,"Liga 1, Apertura",2026-04-19,Melgar,Universitario de Deportes,2,1,47%,53%,1.75,1.04,10,12,4,3,1,2,9,14,1,2,,,2,2,10,17,367,395,5,9
15885918,"Liga 1, Apertura",2026-04-20,Cienciano,CD Moquegua,2,1,60%,40%,1.92,0.14,23,6,6,3,5,1,10,7,1,1,,,2,4,18,6,380,275,8,14
15445907,"Liga 1, Apertura",2026-02-22,Club Atlético Grau,CD Juan Pablo II,1,2,54%,46%,1.78,1.36,12,12,4,6,7,5,13,5,1,2,1,1,4,3,13,16,400,339,9,13
15445915,"Liga 1, Apertura",2026-02-22,Cusco FC,Comerciantes Unidos,3,1,64%,36%,4.76,1.27,20,9,5,6,2,3,12,10,3,4,,,5,2,13,6,426,236,5,6
15447031,"Liga 1, Apertura",2026-02-23,CD Moquegua,Deportivo Garcilaso,1,0,32%,68%,0.43,0.52,6,14,2,2,3,7,16,12,3,5,,,2,1,19,18,203,421,7,7
15536568,"Liga 1, Apertura",2026-02-27,Alianza Atlético de Sullana,Asociación Deportiva Tarma,0,0,55%,45%,0.67,1.02,10,11,2,4,0,3,21,13,3,1,,,4,2,11,21,390,325,7,7
15536572,"Liga 1, Apertura",2026-02-27,Melgar,Los Chankas CYC,1,2,37%,63%,0.96,1.48,13,20,2,6,5,10,8,7,1,1,1,1,4,1,17,8,306,513,9,14
15536575,"Liga 1, Apertura",2026-02-28,Deportivo Garcilaso,Cienciano,2,3,55%,45%,1.85,3.02,12,17,6,8,4,6,6,15,1,2,,,6,4,6,9,280,228,11,9
15536567,"Liga 1, Apertura",2026-02-28,Sport Huancayo,Club Sporting Cristal,2,1,46%,54%,2.68,0.98,24,8,9,4,8,2,11,13,6,1,,,3,6,19,16,283,356,8,4
15536569,"Liga 1, Apertura",2026-02-28,Universidad Técnica de Cajamarca,Alianza Lima,0,1,45%,55%,0.56,0.60,8,8,4,2,4,7,12,10,2,2,1,1,1,4,18,14,319,380,4,4
15536573,"Liga 1, Apertura",2026-03-01,Sport Boys,CD Moquegua,0,0,70%,30%,1.77,0.90,19,15,5,5,2,6,10,17,2,4,,,5,5,16,17,481,203,10,7
15536574,"Liga 1, Apertura",2026-03-01,Comerciantes Unidos,Club Atlético Grau,3,1,44%,56%,2.31,1.19,19,15,6,6,4,8,7,15,5,3,,,5,3,14,11,268,319,6,7
15536929,"Liga 1, Apertura",2026-03-01,CD Juan Pablo II,Cusco FC,2,1,31%,69%,0.47,2.30,6,15,2,6,0,2,15,11,2,2,,,5,0,16,15,260,582,11,6
15536571,"Liga 1, Apertura",2026-03-01,Universitario de Deportes,FC Cajamarca,1,0,62%,38%,1.52,0.29,14,7,1,3,5,2,4,9,,,,,3,0,16,26,483,304,8,15
15590541,"Liga 1, Apertura",2026-03-06,Club Atlético Grau,FC Cajamarca,1,0,41%,59%,1.95,0.49,9,8,6,1,3,1,17,11,3,1,,,1,5,19,18,336,477,8,7
15590544,"Liga 1, Apertura",2026-03-07,CD Moquegua,Sport Huancayo,2,1,41%,59%,1.84,1.35,17,8,5,3,3,4,21,11,6,1,,,3,3,18,13,252,359,8,8
15590543,"Liga 1, Apertura",2026-03-07,Comerciantes Unidos,Universidad Técnica de Cajamarca,1,2,35%,65%,0.38,1.13,8,15,1,6,5,7,10,12,1,3,1,0,4,0,7,19,245,448,4,5
15590587,"Liga 1, Apertura",2026-03-07,Club Sporting Cristal,Alianza Atlético de Sullana,3,1,67%,33%,1.50,2.29,16,18,9,7,2,3,6,14,2,6,0,2,6,6,10,4,532,248,2,4
15590540,"Liga 1, Apertura",2026-03-08,Cusco FC,Deportivo Garcilaso,1,0,67%,33%,0.55,1.11,11,14,4,6,2,1,12,11,3,2,,,6,3,12,16,597,289,6,4
15590539,"Liga 1, Apertura",2026-03-08,Asociación Deportiva Tarma,CD Juan Pablo II,2,3,72%,28%,3.71,2.23,25,9,9,5,12,2,6,10,2,2,,,2,6,16,11,390,166,2,6
15590545,"Liga 1, Apertura",2026-03-08,Los Chankas CYC,Universitario de Deportes,3,1,38%,62%,1.11,1.16,9,13,6,4,0,9,11,12,2,2,1,0,3,2,8,7,329,504,5,10
15590542,"Liga 1, Apertura",2026-03-09,Cienciano,Sport Boys,3,1,59%,41%,2.99,0.38,13,8,6,3,3,4,11,6,2,2,,,2,3,19,14,421,292,13,8
15590586,"Liga 1, Apertura",2026-03-10,Alianza Lima,Melgar,3,1,50%,50%,4.10,1.80,22,12,10,6,3,4,7,7,3,2,,,5,7,11,12,353,354,15,6
15607093,"Liga 1, Apertura",2026-03-13,FC Cajamarca,Comerciantes Unidos,3,4,47%,53%,1.12,2.37,11,14,5,7,3,6,11,10,2,5,1,0,3,2,8,17,270,315,2,6
15607090,"Liga 1, Apertura",2026-03-14,Sport Huancayo,Asociación Deportiva Tarma,0,1,53%,47%,0.17,0.27,5,8,1,5,5,3,6,10,0,3,1,1,4,1,13,9,349,320,5,5
15607095,"Liga 1, Apertura",2026-03-14,CD Juan Pablo II,Los Chankas CYC,2,3,62%,38%,1.50,1.01,17,8,3,5,8,3,12,10,2,1,,,2,1,12,5,476,287,7,9
15607092,"Liga 1, Apertura",2026-03-14,Deportivo Garcilaso,Alianza Lima,1,1,32%,68%,0.35,1.17,7,14,3,3,1,3,13,12,4,1,1,0,2,2,16,15,200,429,18,6
15607094,"Liga 1, Apertura",2026-03-15,Universitario de Deportes,Universidad Técnica de Cajamarca,2,0,57%,43%,1.87,0.23,20,12,6,3,8,2,7,9,0,1,1,1,3,4,16,16,453,358,12,13
15607096,"Liga 1, Apertura",2026-03-15,Club Sporting Cristal,Sport Boys,3,0,57%,43%,1.88,0.74,16,13,6,4,4,3,7,5,2,1,,,4,3,10,14,464,343,4,8
15607091,"Liga 1, Apertura",2026-03-15,Melgar,Club Atlético Grau,0,0,67%,33%,0.67,1.36,17,12,4,3,6,5,9,15,1,0,,,3,4,11,8,486,233,5,6
15607097,"Liga 1, Apertura",2026-03-15,Alianza Atlético de Sullana,CD Moquegua,3,0,59%,41%,2.86,1.23,14,11,9,4,8,3,8,9,,,,,4,6,12,8,461,315,10,9
15607098,"Liga 1, Apertura",2026-03-15,Cusco FC,Cienciano,1,2,58%,42%,1.00,0.91,12,11,5,3,4,4,12,15,1,3,,,1,4,10,9,421,291,5,9
15362080,"Liga 1, Apertura",2026-01-31,CD Juan Pablo II,FC Cajamarca,3,3,54%,46%,2.01,1.75,10,12,6,4,4,4,7,15,3,5,0,1,1,3,9,7,402,349,12,9
15362082,"Liga 1, Apertura",2026-01-31,Melgar,Cienciano,2,0,49%,51%,1.84,0.82,12,13,7,3,9,9,17,10,3,0,,,3,5,9,18,301,307,13,10
15362090,"Liga 1, Apertura",2026-02-01,Deportivo Garcilaso,Club Sporting Cristal,1,1,47%,53%,1.16,1.05,16,14,5,5,3,3,15,11,2,3,,,4,4,14,13,367,414,15,8
15362077,"Liga 1, Apertura",2026-02-01,Alianza Atlético de Sullana,Cusco FC,1,0,23%,77%,1.22,0.26,14,8,3,0,3,3,8,6,2,1,,,0,2,9,10,198,699,14,9
15362084,"Liga 1, Apertura",2026-02-01,Universitario de Deportes,Asociación Deportiva Tarma,2,0,54%,46%,1.42,0.08,14,4,5,1,13,3,19,12,1,5,,,1,3,16,16,394,353,14,17
15371229,"Liga 1, Apertura",2026-02-02,Comerciantes Unidos,CD Moquegua,1,0,48%,52%,0.34,0.24,10,6,5,3,5,3,17,15,3,2,,,3,4,4,14,256,281,8,6
15438955,"Liga 1, Apertura",2026-02-06,CD Moquegua,Universidad Técnica de Cajamarca,2,3,32%,68%,1.29,3.63,6,22,2,8,1,7,12,10,2,3,1,0,5,0,11,18,233,488,13,11
15438954,"Liga 1, Apertura",2026-02-07,Asociación Deportiva Tarma,Sport Boys,1,0,54%,46%,1.65,0.29,17,11,7,2,4,5,10,11,3,2,,,2,6,11,14,365,307,11,7
15438846,"Liga 1, Apertura",2026-02-07,Club Atlético Grau,Sport Huancayo,0,0,59%,41%,1.56,0.19,14,5,4,2,5,3,17,7,2,1,,,2,4,16,21,503,358,10,15
15438843,"Liga 1, Apertura",2026-02-08,Cusco FC,Universitario de Deportes,1,1,65%,35%,2.31,1.10,19,12,6,5,6,2,12,10,0,4,,,4,5,9,7,574,308,2,4
15438836,"Liga 1, Apertura",2026-02-08,Club Sporting Cristal,Melgar,1,2,65%,35%,1.75,1.55,20,12,4,3,8,5,10,7,2,5,1,1,1,3,9,14,413,236,6,5
15438841,"Liga 1, Apertura",2026-02-08,Los Chankas CYC,Alianza Atlético de Sullana,1,0,59%,41%,2.66,0.62,14,10,4,5,5,3,11,12,2,2,,,5,3,16,11,438,296,10,18
15438840,"Liga 1, Apertura",2026-02-08,Cienciano,CD Juan Pablo II,6,1,51%,49%,3.88,3.00,18,11,11,4,4,6,16,8,2,1,,,3,5,14,9,249,253,6,3
15438847,"Liga 1, Apertura",2026-02-08,Alianza Lima,Comerciantes Unidos,2,1,68%,32%,3.26,0.38,21,6,8,1,8,2,13,7,2,3,,,0,5,16,17,390,192,7,7
15438956,"Liga 1, Apertura",2026-02-09,FC Cajamarca,Deportivo Garcilaso,1,1,43%,57%,0.45,1.28,6,15,2,6,3,6,23,9,7,2,,,5,1,13,8,291,392,9,6
15445913,"Liga 1, Apertura",2026-02-13,Universidad Técnica de Cajamarca,Cusco FC,1,0,37%,63%,2.33,1.20,22,11,5,4,7,7,3,6,1,2,,,4,4,16,18,295,496,9,5
15445903,"Liga 1, Apertura",2026-02-14,Universitario de Deportes,Cienciano,2,1,63%,37%,1.71,1.71,15,12,4,6,4,1,14,10,4,3,,,4,2,10,21,493,290,7,8
15445916,"Liga 1, Apertura",2026-02-14,Deportivo Garcilaso,Asociación Deportiva Tarma,1,0,53%,47%,1.11,0.15,10,6,3,1,5,4,16,8,5,2,0,1,1,2,21,20,437,392,10,10
15446513,"Liga 1, Apertura",2026-02-14,CD Juan Pablo II,Club Sporting Cristal,0,2,38%,62%,1.12,3.32,12,24,4,7,1,9,8,16,3,2,1,0,5,4,13,17,283,447,5,5
15445911,"Liga 1, Apertura",2026-02-14,Sport Boys,Club Atlético Grau,1,0,39%,61%,1.25,0.45,14,8,4,0,7,2,12,15,3,2,,,0,3,18,16,293,476,9,3
15445909,"Liga 1, Apertura",2026-02-15,Alianza Atlético de Sullana,Alianza Lima,0,0,42%,58%,0.82,0.92,9,12,4,2,1,5,15,9,4,2,,,1,4,12,6,257,356,7,7
15445908,"Liga 1, Apertura",2026-02-15,Sport Huancayo,FC Cajamarca,2,0,47%,53%,1.61,0.68,10,7,2,1,5,6,14,18,2,2,2,0,1,1,14,15,299,341,12,7
15445914,"Liga 1, Apertura",2026-02-15,Comerciantes Unidos,Los Chankas CYC,1,1,55%,45%,0.96,1.51,12,8,5,3,4,0,7,11,3,3,,,2,4,17,7,375,311,14,7
15445912,"Liga 1, Apertura",2026-02-15,Melgar,CD Moquegua,4,0,73%,27%,3.71,0.14,14,7,5,1,3,5,11,10,1,3,,,1,1,7,10,545,192,10,10
15445904,"Liga 1, Apertura",2026-02-21,Alianza Lima,Sport Boys,1,0,60%,40%,1.77,0.16,14,7,4,1,10,2,18,12,2,3,,,1,2,16,20,450,299,6,8
15446515,"Liga 1, Apertura",2026-02-21,FC Cajamarca,Melgar,3,1,57%,43%,0.48,0.72,14,8,6,3,5,7,11,13,3,3,,,2,3,13,9,419,309,7,10
15445906,"Liga 1, Apertura",2026-02-21,Club Sporting Cristal,Universitario de Deportes,2,2,66%,34%,2.60,1.49,27,8,7,4,8,6,13,14,4,2,,,2,5,6,8,514,269,13,9
15445910,"Liga 1, Apertura",2026-02-22,Cienciano,Alianza Atlético de Sullana,1,1,58%,42%,1.03,0.75,12,12,3,3,3,5,7,12,2,0,,,2,2,9,14,446,333,6,9
15446514,"Liga 1, Apertura",2026-02-22,Asociación Deportiva Tarma,Universidad Técnica de Cajamarca,2,2,59%,41%,1.68,1.99,16,14,7,10,7,4,10,15,1,6,1,0,8,5,9,10,369,267,9,6
15445905,"Liga 1, Apertura",2026-02-22,Los Chankas CYC,Sport Huancayo,3,2,51%,49%,1.68,1.96,12,9,5,4,4,2,8,10,3,1,,,2,2,14,16,318,312,10,14
15362086,"Liga 1, Apertura",2026-01-30,Sport Huancayo,Alianza Lima,1,2,64%,36%,0.49,0.87,13,7,5,3,5,1,9,18,2,3,,,1,4,14,11,438,254,10,6
15362081,"Liga 1, Apertura",2026-01-30,Universidad Técnica de Cajamarca,Club Atlético Grau,2,0,45%,55%,0.33,0.28,7,7,4,2,2,2,9,7,1,1,,,2,2,15,9,360,448,13,9
15362094,"Liga 1, Apertura",2026-01-31,Sport Boys,Los Chankas CYC,1,1,63%,37%,1.32,0.52,17,9,4,3,1,3,17,14,1,3,,,2,3,19,23,462,268,6,6
